-- --------------------------------------------------------
-- Hôte:                         127.0.0.1
-- Version du serveur:           5.7.33 - MySQL Community Server (GPL)
-- SE du serveur:                Win64
-- HeidiSQL Version:             11.2.0.6213
-- --------------------------------------------------------

/*!40101 SET @OLD_CHARACTER_SET_CLIENT=@@CHARACTER_SET_CLIENT */;
/*!40101 SET NAMES utf8 */;
/*!50503 SET NAMES utf8mb4 */;
/*!40014 SET @OLD_FOREIGN_KEY_CHECKS=@@FOREIGN_KEY_CHECKS, FOREIGN_KEY_CHECKS=0 */;
/*!40101 SET @OLD_SQL_MODE=@@SQL_MODE, SQL_MODE='NO_AUTO_VALUE_ON_ZERO' */;
/*!40111 SET @OLD_SQL_NOTES=@@SQL_NOTES, SQL_NOTES=0 */;

-- Listage des données de la table snowtricks.account : ~7 rows (environ)
/*!40000 ALTER TABLE `account` DISABLE KEYS */;
INSERT INTO `account` (`id`, `email`, `roles`, `password`, `full_name`, `profile_pic`, `is_verified`) VALUES
	(1, 'admin@gmail.com', '["ROLE_ADMIN"]', '$2y$13$yXqyN1Rtivas0cSEOWRCnuqxVvn54I7XC/e6j0pvA.9FsZtVbnksC', 'yoann', 'images\\profile_pic/man.jpg', 1),
	(2, 'claxton@gmail.com', '[]', '$2y$13$XBIPL4f7pjORjjSlowtyTOFe7WsSPxrxOPZq7L8gyX9ZtTVKGUhOK', 'Mark', 'images\\profile_pic/man.jpg', 0),
	(3, 'rocar@gmail.com', '[]', '$2y$13$.l/I.NqGmuaieQXF1Q1dZu08DTocVALtRaovoYtTw.vtoprOqgz4S', 'Ratigan', 'images\\profile_pic/woman.jpg', 0),
	(4, 'lopoitre@gmail.com', '[]', '$2y$13$rz8gnTWHokjwSJYrPR2wnOa0.flZreYfaqzQltNXsnLo8ZvvVxFym', 'Eric chevalier', 'images\\profile_pic/man.jpg', 0),
	(5, 'tuitivation@gmail.com', '[]', '$2y$13$zBODXNAJa02o9X8g1L6SkO4JHSKB/OdBcA0DyPDzEMA0GhcSBPTL2', 'Julie Lespautre', 'images\\profile_pic/woman.jpg', 0),
	(6, 'fLoitre@gmail.com', '[]', '$2y$13$eV6IlKjXAYFfAlVGBikz5epCmyKBJ6BKZD4Uju.a6c5t/Ox8VLHTK', 'Franck Loitre', 'images\\profile_pic/man.jpg', 0),
	(8, 'fake@gmail.com', '[]', '$2y$13$28AwGDVf7ea59KiavajII.cdl2sIfwV.XT2IsvsM8aRwpAzvtZbdG', 'Fabien Kellerman', 'images\\profile_pic/woman.jpg', 1);
/*!40000 ALTER TABLE `account` ENABLE KEYS */;

-- Listage des données de la table snowtricks.category : ~5 rows (environ)
/*!40000 ALTER TABLE `category` DISABLE KEYS */;
INSERT INTO `category` (`id`, `name`) VALUES
	(1, 'Grab'),
	(3, 'Rotation'),
	(4, 'Flip'),
	(5, 'Slide'),
	(6, 'Old school');
/*!40000 ALTER TABLE `category` ENABLE KEYS */;

-- Listage des données de la table snowtricks.comment : ~203 rows (environ)
/*!40000 ALTER TABLE `comment` DISABLE KEYS */;
INSERT INTO `comment` (`id`, `trick_id`, `comment_parent_id`, `account_id`, `content`, `date_publish`, `validated`, `created_at`, `updated_at`, `lvl`) VALUES
	(1, 2, NULL, 4, 'Explicabo modi inventore quae ex inventore praesentium ut. Qui voluptates est maxime repudiandae aspernatur repellat id. Et commodi magni possimus repellendus quas et.', '1970-01-01 00:00:00', NULL, '1970-01-01 00:00:00', NULL, 1),
	(2, 2, NULL, 4, 'Voluptas deleniti eveniet eligendi quasi hic quos ea. Consequatur vero voluptate ea commodi. Illum suscipit ullam et aliquam qui.', '1970-01-01 00:00:00', NULL, '1970-01-01 00:00:00', NULL, 1),
	(3, 3, NULL, 4, 'Doloribus quae odit illum quas pariatur error. Tempore ad architecto eum qui iste.', '1970-01-01 00:00:00', NULL, '1970-01-01 00:00:00', NULL, 1),
	(4, 3, NULL, 4, 'Nisi dolor suscipit eligendi natus odio dolorem quo. Consequatur ea adipisci ratione sed totam. Cumque esse veritatis ipsa neque qui.', '1970-01-01 00:00:00', NULL, '1970-01-01 00:00:00', NULL, 1),
	(5, 4, NULL, 2, 'Ipsum aut dicta aperiam cupiditate voluptatem voluptatem nihil. Consequuntur sed nam et architecto. Debitis dolorum quaerat error reiciendis cum.', '1970-01-01 00:00:00', NULL, '1970-01-01 00:00:00', NULL, 1),
	(6, 4, NULL, 2, 'Accusamus sed tempore incidunt praesentium. Facilis qui ad aut illum est. Quaerat aut nesciunt expedita eius eligendi facere adipisci.', '1970-01-01 00:00:00', NULL, '1970-01-01 00:00:00', NULL, 1),
	(9, 6, NULL, 1, 'Commodi ullam ea adipisci quos voluptatem. Magni ratione velit aut placeat repellat reiciendis quidem.', '1970-01-01 00:00:00', NULL, '1970-01-01 00:00:00', NULL, 1),
	(10, 6, NULL, 1, 'Distinctio natus dolorem fugit alias. Saepe neque quis ut consequatur molestias culpa suscipit. Similique voluptas eos ad odit perferendis illum.', '1970-01-01 00:00:00', NULL, '1970-01-01 00:00:00', NULL, 1),
	(11, 7, NULL, 6, 'Libero quibusdam ut ipsam vel libero sequi minima. Veniam unde veniam aut placeat.', '1970-01-01 00:00:00', NULL, '1970-01-01 00:00:00', NULL, 1),
	(12, 7, NULL, 6, 'Sunt libero est consectetur earum consequatur sit. Enim est qui dolorem labore voluptatum id reiciendis. Ut nihil consectetur quis voluptas quidem.', '1970-01-01 00:00:00', NULL, '1970-01-01 00:00:00', NULL, 1),
	(13, 8, NULL, 5, 'Et omnis aliquam dolore sunt explicabo. Perspiciatis esse laboriosam numquam minus accusantium ipsam.', '1970-01-01 00:00:00', NULL, '1970-01-01 00:00:00', NULL, 1),
	(14, 8, NULL, 5, 'Pariatur perferendis sint est voluptatem repellendus aspernatur. Sequi aperiam deserunt maxime.', '1970-01-01 00:00:00', NULL, '1970-01-01 00:00:00', NULL, 1),
	(15, 9, NULL, 2, 'Non praesentium distinctio laboriosam voluptate possimus et. Ut atque et quam inventore. Voluptas quo nostrum sed sit.', '1970-01-01 00:00:00', NULL, '1970-01-01 00:00:00', NULL, 1),
	(16, 9, NULL, 2, 'Reiciendis recusandae occaecati delectus. Cumque non ut ratione iusto earum.', '1970-01-01 00:00:00', NULL, '1970-01-01 00:00:00', NULL, 1),
	(17, 10, NULL, 4, 'Consequatur impedit sit atque blanditiis delectus illo ullam. Aliquid dignissimos aut dolorum dolores ut temporibus. Veritatis quaerat omnis nihil qui sunt et corrupti perferendis.', '1970-01-01 00:00:00', NULL, '1970-01-01 00:00:00', NULL, 1),
	(18, 10, NULL, 4, 'Aut consectetur excepturi quod tempora. Molestiae rerum quod veniam consequatur sed. Necessitatibus quidem quasi ea nihil facilis sunt omnis.', '1970-01-01 00:00:00', NULL, '1970-01-01 00:00:00', NULL, 1),
	(19, 11, NULL, 1, 'Consequatur dolor magni impedit enim aspernatur provident. Doloribus vel atque sint ipsa.', '1970-01-01 00:00:00', NULL, '1970-01-01 00:00:00', NULL, 1),
	(20, 11, NULL, 1, 'Nobis aspernatur est sed assumenda. Voluptatum voluptatem quo corrupti non eum pariatur neque.', '1970-01-01 00:00:00', NULL, '1970-01-01 00:00:00', NULL, 1),
	(21, 12, NULL, 4, 'Facere quia explicabo eius molestias similique et et. Consequatur minus accusantium omnis mollitia.', '1970-01-01 00:00:00', NULL, '1970-01-01 00:00:00', NULL, 1),
	(22, 12, NULL, 4, 'Velit molestiae ut ut neque omnis repellat necessitatibus. Pariatur minima aut exercitationem consequatur exercitationem asperiores. Est tenetur dolores dolores in libero beatae libero.', '1970-01-01 00:00:00', NULL, '1970-01-01 00:00:00', NULL, 1),
	(25, 14, NULL, 2, 'Ipsam dolor voluptatum non omnis. Et vero occaecati molestiae ut assumenda.', '1970-01-01 00:00:00', NULL, '1970-01-01 00:00:00', NULL, 1),
	(26, 14, NULL, 2, 'Est qui hic dolores praesentium voluptatibus quam. Architecto aperiam et id sequi nihil.', '1970-01-01 00:00:00', NULL, '1970-01-01 00:00:00', NULL, 1),
	(27, 15, NULL, 2, 'Quod labore repellendus autem eveniet sit. Aliquam repudiandae voluptates inventore voluptatum praesentium deleniti.', '1970-01-01 00:00:00', NULL, '1970-01-01 00:00:00', NULL, 1),
	(28, 15, NULL, 2, 'Omnis eos sed dicta est debitis. Quia sapiente soluta quae quos qui voluptas. Facere non enim quia et voluptas quo ut necessitatibus.', '1970-01-01 00:00:00', NULL, '1970-01-01 00:00:00', NULL, 1),
	(29, 16, NULL, 6, 'Et molestiae qui tempore. Ut minus pariatur quia a. Laudantium est eveniet quos assumenda nostrum.', '1970-01-01 00:00:00', NULL, '1970-01-01 00:00:00', NULL, 1),
	(30, 16, NULL, 6, 'Ullam esse modi dolorem omnis. Dignissimos non repudiandae ut omnis modi explicabo iusto. Libero dicta id fuga molestias illum ea sed.', '1970-01-01 00:00:00', NULL, '1970-01-01 00:00:00', NULL, 1),
	(31, 17, NULL, 3, 'Enim aliquid eos in qui dolorem similique. Nisi quia voluptas magni cumque. Suscipit quo ex exercitationem temporibus rem.', '1970-01-01 00:00:00', NULL, '1970-01-01 00:00:00', NULL, 1),
	(32, 17, NULL, 3, 'Sit alias optio aut in quia sequi exercitationem. Et laboriosam magnam molestiae amet pariatur nostrum. Quis sit deserunt illo accusantium omnis possimus.', '1970-01-01 00:00:00', NULL, '1970-01-01 00:00:00', NULL, 1),
	(33, 18, NULL, 3, 'Consequatur et vitae explicabo iure. Ea corrupti sit commodi ratione iusto accusantium.', '1970-01-01 00:00:00', NULL, '1970-01-01 00:00:00', NULL, 1),
	(34, 18, NULL, 3, 'Eveniet omnis velit hic eos qui eligendi. Dolores rerum est eos vel ea numquam distinctio voluptatem. Laudantium non eum quaerat sit dolores architecto.', '1970-01-01 00:00:00', NULL, '1970-01-01 00:00:00', NULL, 1),
	(35, 19, NULL, 4, 'Quae nesciunt quia voluptatem similique fuga rerum amet. Aut ea iure veniam omnis.', '1970-01-01 00:00:00', NULL, '1970-01-01 00:00:00', NULL, 1),
	(36, 19, NULL, 4, 'Voluptas eum ea velit dolore rerum. Quasi unde voluptatem ut velit voluptas. Odio reprehenderit quos ab voluptates natus et sit.', '1970-01-01 00:00:00', NULL, '1970-01-01 00:00:00', NULL, 1),
	(37, 20, NULL, 5, 'Nisi exercitationem illo aut porro nesciunt. Aliquid sit odit rerum accusantium.', '1970-01-01 00:00:00', NULL, '1970-01-01 00:00:00', NULL, 1),
	(38, 20, NULL, 5, 'Veritatis corporis ex dolorem cum. Veritatis distinctio aut id vel et neque. Sint numquam aut molestias nam ex.', '1970-01-01 00:00:00', NULL, '1970-01-01 00:00:00', NULL, 1),
	(39, 21, NULL, 2, 'Eveniet dolorem eveniet maxime qui. Dolores et molestiae id culpa perferendis quo delectus sit.', '1970-01-01 00:00:00', NULL, '1970-01-01 00:00:00', NULL, 1),
	(40, 21, NULL, 2, 'Officiis ut rem quia deserunt deleniti cumque. Recusandae eos consequatur reiciendis voluptas modi vel.', '1970-01-01 00:00:00', NULL, '1970-01-01 00:00:00', NULL, 1),
	(41, 22, NULL, 6, 'Fugiat ut eveniet est officiis et a. Tempora ad et ab quidem.', '1970-01-01 00:00:00', NULL, '1970-01-01 00:00:00', NULL, 1),
	(42, 22, NULL, 6, 'Dolor velit sed fuga consequatur assumenda. Consequatur iusto eius maiores omnis ut. Ea perferendis illo necessitatibus debitis est commodi cum.', '1970-01-01 00:00:00', NULL, '1970-01-01 00:00:00', NULL, 1),
	(43, 23, NULL, 4, 'Provident quia quod unde omnis sequi et. Saepe ut sed in ea accusantium quas quo quis.', '1970-01-01 00:00:00', NULL, '1970-01-01 00:00:00', NULL, 1),
	(44, 23, NULL, 4, 'Modi consequuntur quis aliquam ut. Labore quibusdam rem repudiandae nobis vel libero. Eos aut quos adipisci distinctio.', '1970-01-01 00:00:00', NULL, '1970-01-01 00:00:00', NULL, 1),
	(45, 24, NULL, 5, 'Inventore ea officiis et facilis dolor consequatur sunt. Inventore omnis dicta ea iure id aut. Excepturi placeat quod officiis et voluptas et.', '1970-01-01 00:00:00', NULL, '1970-01-01 00:00:00', NULL, 1),
	(46, 24, NULL, 5, 'Laboriosam qui maiores totam voluptas est consectetur. Quia quo error facilis. Illo inventore dolor et qui dolores velit magnam.', '1970-01-01 00:00:00', NULL, '1970-01-01 00:00:00', NULL, 1),
	(47, 25, NULL, 4, 'Laboriosam temporibus similique quae placeat suscipit modi rerum. Velit placeat commodi fugit quidem sed aliquid veniam ipsam.', '1970-01-01 00:00:00', NULL, '1970-01-01 00:00:00', NULL, 1),
	(48, 25, NULL, 4, 'Et mollitia laudantium iste odit aut quia fuga earum. Est ab in reprehenderit eum ut error blanditiis.', '1970-01-01 00:00:00', NULL, '1970-01-01 00:00:00', NULL, 1),
	(51, 27, NULL, 6, 'Aliquid sint facere rem in harum in. Ducimus aut quidem nostrum in dolores. Soluta dolore sed ut aperiam officiis in.', '1970-01-01 00:00:00', NULL, '1970-01-01 00:00:00', NULL, 1),
	(52, 27, NULL, 6, 'Et omnis et ut. Id et quos ipsam saepe. Quaerat aut culpa repellendus odit eius fugit omnis quasi.', '1970-01-01 00:00:00', NULL, '1970-01-01 00:00:00', NULL, 1),
	(53, 28, NULL, 4, 'Voluptates consequatur et minima consequatur quae. Quae animi dolore quibusdam ut quo ea. Quo quam ipsam omnis laudantium reprehenderit laudantium.', '1970-01-01 00:00:00', NULL, '1970-01-01 00:00:00', NULL, 1),
	(54, 28, NULL, 4, 'Voluptates ex itaque officia maxime. Tempora expedita corporis veniam harum cum maiores. Ex sint sapiente repellendus at ut id quis pariatur.', '1970-01-01 00:00:00', NULL, '1970-01-01 00:00:00', NULL, 1),
	(57, 30, NULL, 4, 'Est harum neque et qui ducimus eos. Veritatis et id enim excepturi voluptatibus enim ab.', '1970-01-01 00:00:00', NULL, '1970-01-01 00:00:00', NULL, 1),
	(58, 30, NULL, 4, 'Accusantium consequatur velit temporibus ut laboriosam nostrum nulla. Qui aut unde pariatur sed ut explicabo corporis.', '1970-01-01 00:00:00', NULL, '1970-01-01 00:00:00', NULL, 1),
	(59, 31, NULL, 6, 'Facilis sed ut dicta consequuntur occaecati voluptas quisquam. Nobis ea reprehenderit blanditiis sapiente deserunt.', '1970-01-01 00:00:00', NULL, '1970-01-01 00:00:00', NULL, 1),
	(60, 31, NULL, 6, 'Qui deserunt dolor aut necessitatibus sunt ipsam et et. Doloremque quo repellendus nihil ut laborum officia. Atque neque quod consequatur magnam eaque doloribus.', '1970-01-01 00:00:00', NULL, '1970-01-01 00:00:00', NULL, 1),
	(61, 32, NULL, 6, 'Aliquid eos ipsam perspiciatis odit laboriosam. Repellat laborum quae sequi unde. A odio beatae expedita dolorum.', '1970-01-01 00:00:00', NULL, '1970-01-01 00:00:00', NULL, 1),
	(62, 32, NULL, 6, 'Fugit enim sunt accusantium ratione. Fuga vel ratione minima est id enim eaque sit. Possimus libero qui odio molestiae est et delectus.', '1970-01-01 00:00:00', NULL, '1970-01-01 00:00:00', NULL, 1),
	(65, 34, NULL, 2, 'Sed sunt excepturi ad dolores. Est reprehenderit ea incidunt sit repudiandae hic. Aperiam quia eos ut expedita voluptas quidem ut.', '1970-01-01 00:00:00', NULL, '1970-01-01 00:00:00', NULL, 1),
	(66, 34, NULL, 2, 'Facilis vitae aut libero sunt possimus ea possimus ut. Labore inventore eum quas. Dicta voluptas nihil iste debitis dignissimos unde qui.', '1970-01-01 00:00:00', NULL, '1970-01-01 00:00:00', NULL, 1),
	(67, 35, NULL, 1, 'Consectetur aut velit consequatur veniam voluptatem quaerat et. Ut exercitationem animi necessitatibus ut. Illum odit ad id.', '1970-01-01 00:00:00', NULL, '1970-01-01 00:00:00', NULL, 1),
	(68, 35, NULL, 1, 'Necessitatibus animi et quo animi provident corrupti. Soluta asperiores omnis sequi nostrum consequuntur aut rerum aut. Et consequatur qui incidunt reprehenderit aliquid fuga facilis.', '1970-01-01 00:00:00', NULL, '1970-01-01 00:00:00', NULL, 1),
	(69, 36, NULL, 4, 'Magnam esse fugit nesciunt quasi. Odit nostrum corporis eaque nesciunt in sit.', '1970-01-01 00:00:00', NULL, '1970-01-01 00:00:00', NULL, 1),
	(70, 36, NULL, 4, 'Voluptatem voluptatem facere at tempora quasi impedit. Nostrum odit molestiae beatae totam nobis repudiandae. Quia adipisci labore animi consequuntur praesentium quas omnis.', '1970-01-01 00:00:00', NULL, '1970-01-01 00:00:00', NULL, 1),
	(71, 37, NULL, 3, 'Impedit corporis neque aspernatur tenetur nostrum. Ut culpa doloribus doloremque quia nulla minus. Architecto harum tempora animi eligendi libero a quod.', '1970-01-01 00:00:00', NULL, '1970-01-01 00:00:00', NULL, 1),
	(72, 37, NULL, 3, 'Quas ipsum ad nobis ut earum ut sequi nihil. Asperiores eum deleniti nemo quo quibusdam. Velit unde nesciunt voluptates consequuntur ex ipsa.', '1970-01-01 00:00:00', NULL, '1970-01-01 00:00:00', NULL, 1),
	(73, 38, NULL, 3, 'Magni ex cumque eligendi adipisci. Omnis laudantium provident alias incidunt sed aut architecto repellat. Enim quia aut pariatur aliquam et.', '1970-01-01 00:00:00', NULL, '1970-01-01 00:00:00', NULL, 1),
	(74, 38, NULL, 3, 'Occaecati quae cumque eaque eligendi dicta voluptatem. Illo ut tenetur velit in ipsa.', '1970-01-01 00:00:00', NULL, '1970-01-01 00:00:00', NULL, 1),
	(75, 39, NULL, 2, 'Porro exercitationem nemo aut provident libero quis. Quia quia minima blanditiis recusandae. At velit sunt et corporis nihil ad aut.', '1970-01-01 00:00:00', NULL, '1970-01-01 00:00:00', NULL, 1),
	(76, 39, NULL, 2, 'Officia voluptas eum quam laboriosam harum. Debitis commodi aut sit corrupti quas repellendus. Sit optio facere rerum a sed vel dignissimos.', '1970-01-01 00:00:00', NULL, '1970-01-01 00:00:00', NULL, 1),
	(77, 40, NULL, 5, 'Impedit aliquam recusandae sed voluptatem. Ut nulla ad molestias quia laborum ut.', '1970-01-01 00:00:00', NULL, '1970-01-01 00:00:00', NULL, 1),
	(78, 40, NULL, 5, 'A illum explicabo itaque dicta cum rerum. Non eos sapiente asperiores totam.', '1970-01-01 00:00:00', NULL, '1970-01-01 00:00:00', NULL, 1),
	(79, 41, NULL, 1, 'Sed eveniet ducimus optio nulla. Quo velit quos sunt dignissimos qui.', '1970-01-01 00:00:00', NULL, '1970-01-01 00:00:00', NULL, 1),
	(80, 41, NULL, 1, 'Quos hic vel numquam soluta neque eum sequi. Neque qui voluptatibus dolorum.', '1970-01-01 00:00:00', NULL, '1970-01-01 00:00:00', NULL, 1),
	(85, 44, NULL, 1, 'Architecto consequuntur optio est ut perspiciatis. Qui in delectus dolorem inventore error nobis. Provident maiores quidem vel ut quo ipsam deleniti quasi.', '1970-01-01 00:00:00', NULL, '1970-01-01 00:00:00', NULL, 1),
	(86, 44, NULL, 1, 'Dolores et perferendis ex maiores. Dolores distinctio hic saepe velit autem. Porro ea quas tempora harum.', '1970-01-01 00:00:00', NULL, '1970-01-01 00:00:00', NULL, 1),
	(87, 45, NULL, 3, 'Earum ex fugit aperiam beatae aliquam reprehenderit voluptatem. Voluptas beatae ex at quo. Inventore perspiciatis ipsa vel quisquam eveniet cumque.', '1970-01-01 00:00:00', NULL, '1970-01-01 00:00:00', NULL, 1),
	(88, 45, NULL, 3, 'Omnis quam cum porro et dolorem praesentium. Quidem modi quia sed culpa. Ut ullam assumenda quo.', '1970-01-01 00:00:00', NULL, '1970-01-01 00:00:00', NULL, 1),
	(89, 46, NULL, 4, 'Debitis nihil facilis perferendis rerum enim omnis. Eos quidem neque et neque labore totam et. Autem id quibusdam ex suscipit quam corrupti.', '1970-01-01 00:00:00', NULL, '1970-01-01 00:00:00', NULL, 1),
	(90, 46, NULL, 4, 'Exercitationem sed quae officiis occaecati quibusdam officiis quasi. Et voluptate qui a sequi consequatur.', '1970-01-01 00:00:00', NULL, '1970-01-01 00:00:00', NULL, 1),
	(91, 47, NULL, 5, 'Voluptatum necessitatibus repellendus quae enim voluptas magni. Quis quod sit et praesentium sit. Voluptas esse soluta iusto.', '1970-01-01 00:00:00', NULL, '1970-01-01 00:00:00', NULL, 1),
	(92, 47, NULL, 5, 'Quia voluptatem fugiat provident nulla voluptas est. Deleniti debitis tempora voluptate facilis quidem eius qui.', '1970-01-01 00:00:00', NULL, '1970-01-01 00:00:00', NULL, 1),
	(93, 48, NULL, 4, 'Consectetur optio voluptatem cum eos et quaerat et odit. Excepturi fugit numquam impedit quis aperiam est quia quis. Eum omnis omnis maiores alias.', '1970-01-01 00:00:00', NULL, '1970-01-01 00:00:00', NULL, 1),
	(94, 48, NULL, 4, 'Harum quis qui accusantium id inventore qui nihil. Aspernatur corporis repellendus aut eaque dolores aut. Et eum quam et magnam adipisci voluptates aut accusamus.', '1970-01-01 00:00:00', NULL, '1970-01-01 00:00:00', NULL, 1),
	(95, 49, NULL, 5, 'Mollitia aperiam dolor est id asperiores et. Quas reprehenderit aut minus a.', '1970-01-01 00:00:00', NULL, '1970-01-01 00:00:00', NULL, 1),
	(96, 49, NULL, 5, 'Tempore est blanditiis dolorem. Et enim ea eaque minus. Unde et voluptatibus ut veritatis esse ut distinctio.', '1970-01-01 00:00:00', NULL, '1970-01-01 00:00:00', NULL, 1),
	(127, 6, 130, 5, 'Magnam itaque animi in et et vitae. Exercitationem deleniti fugit sequi et aliquid. Voluptas natus nam vero ut ut aliquam dolorum.', '1970-01-01 00:00:00', NULL, '1970-01-01 00:00:00', NULL, 3),
	(128, 6, NULL, 5, 'Magnam itaque animi in et et vitae. Exercitationem deleniti fugit sequi et aliquid. Voluptas natus nam vero ut ut aliquam dolorum.', '1970-01-01 00:00:00', NULL, '1970-01-01 00:00:00', NULL, 1),
	(129, 6, 130, 5, 'Doloremque et dicta fugit ipsa veritatis. Ut id voluptatem esse saepe perspiciatis.', '1970-01-01 00:00:00', NULL, '1970-01-01 00:00:00', NULL, 3),
	(130, 6, 128, 5, 'Magnam itaque animi in et et vitae. Exercitationem deleniti fugit sequi et aliquid. Voluptas natus nam vero ut ut aliquam dolorum.', '1970-01-01 00:00:00', NULL, '1970-01-01 00:00:00', NULL, 2),
	(131, 6, 133, 5, 'Magnam itaque animi in et et vitae. Exercitationem deleniti fugit sequi et aliquid. Voluptas natus nam vero ut ut aliquam dolorum.', '1970-01-01 00:00:00', NULL, '1970-01-01 00:00:00', NULL, 5),
	(132, 6, 133, 5, 'Magnam itaque animi in et et vitae. Exercitationem deleniti fugit sequi et aliquid. Voluptas natus nam vero ut ut aliquam dolorum.', '1970-01-01 00:00:00', NULL, '1970-01-01 00:00:00', NULL, 5),
	(133, 6, 129, 5, 'Magnam itaque animi in et et vitae. Exercitationem deleniti fugit sequi et aliquid. Voluptas natus nam vero ut ut aliquam dolorum.', '1970-01-01 00:00:00', NULL, '1970-01-01 00:00:00', NULL, 4),
	(134, 27, 137, 1, 'Nulla modi repellendus cupiditate a natus. Qui facilis architecto repellat at velit placeat qui.', '1970-01-01 00:00:00', NULL, '1970-01-01 00:00:00', NULL, 3),
	(135, 27, NULL, 1, 'Nulla modi repellendus cupiditate a natus. Qui facilis architecto repellat at velit placeat qui.', '1970-01-01 00:00:00', NULL, '1970-01-01 00:00:00', NULL, 1),
	(136, 27, 137, 1, 'Exercitationem sunt voluptatem blanditiis id facilis ea doloribus. Qui totam voluptatum sed voluptatem vel consequatur sit. Est ut deserunt pariatur consequatur.', '1970-01-01 00:00:00', NULL, '1970-01-01 00:00:00', NULL, 3),
	(137, 27, 135, 1, 'Nulla modi repellendus cupiditate a natus. Qui facilis architecto repellat at velit placeat qui.', '1970-01-01 00:00:00', NULL, '1970-01-01 00:00:00', NULL, 2),
	(138, 27, 140, 1, 'Nulla modi repellendus cupiditate a natus. Qui facilis architecto repellat at velit placeat qui.', '1970-01-01 00:00:00', NULL, '1970-01-01 00:00:00', NULL, 5),
	(139, 27, 140, 1, 'Nulla modi repellendus cupiditate a natus. Qui facilis architecto repellat at velit placeat qui.', '1970-01-01 00:00:00', NULL, '1970-01-01 00:00:00', NULL, 5),
	(140, 27, 136, 1, 'Nulla modi repellendus cupiditate a natus. Qui facilis architecto repellat at velit placeat qui.', '1970-01-01 00:00:00', NULL, '1970-01-01 00:00:00', NULL, 4),
	(141, 27, 144, 4, 'Qui in tempora nesciunt libero. Quidem harum dolor magni non aspernatur et aliquam.', '1970-01-01 00:00:00', NULL, '1970-01-01 00:00:00', NULL, 3),
	(142, 27, NULL, 4, 'Qui in tempora nesciunt libero. Quidem harum dolor magni non aspernatur et aliquam.', '1970-01-01 00:00:00', NULL, '1970-01-01 00:00:00', NULL, 1),
	(143, 27, 144, 4, 'Natus quia tenetur doloremque incidunt quae quasi. Eos ullam amet veritatis eos quod aut.', '1970-01-01 00:00:00', NULL, '1970-01-01 00:00:00', NULL, 3),
	(144, 27, 142, 4, 'Qui in tempora nesciunt libero. Quidem harum dolor magni non aspernatur et aliquam.', '1970-01-01 00:00:00', NULL, '1970-01-01 00:00:00', NULL, 2),
	(145, 27, 147, 4, 'Qui in tempora nesciunt libero. Quidem harum dolor magni non aspernatur et aliquam.', '1970-01-01 00:00:00', NULL, '1970-01-01 00:00:00', NULL, 5),
	(146, 27, 147, 4, 'Qui in tempora nesciunt libero. Quidem harum dolor magni non aspernatur et aliquam.', '1970-01-01 00:00:00', NULL, '1970-01-01 00:00:00', NULL, 5),
	(147, 27, 143, 4, 'Qui in tempora nesciunt libero. Quidem harum dolor magni non aspernatur et aliquam.', '1970-01-01 00:00:00', NULL, '1970-01-01 00:00:00', NULL, 4),
	(148, 17, 151, 4, 'Deserunt harum ad quia praesentium ut at maxime. Id occaecati sed error id.', '1970-01-01 00:00:00', NULL, '1970-01-01 00:00:00', NULL, 3),
	(149, 17, NULL, 4, 'Deserunt harum ad quia praesentium ut at maxime. Id occaecati sed error id.', '1970-01-01 00:00:00', NULL, '1970-01-01 00:00:00', NULL, 1),
	(150, 17, 151, 4, 'Consequatur quam quis iste necessitatibus. Repellat nesciunt non ut.', '1970-01-01 00:00:00', NULL, '1970-01-01 00:00:00', NULL, 3),
	(151, 17, 149, 4, 'Deserunt harum ad quia praesentium ut at maxime. Id occaecati sed error id.', '1970-01-01 00:00:00', NULL, '1970-01-01 00:00:00', NULL, 2),
	(152, 17, 154, 4, 'Deserunt harum ad quia praesentium ut at maxime. Id occaecati sed error id.', '1970-01-01 00:00:00', NULL, '1970-01-01 00:00:00', NULL, 5),
	(153, 17, 154, 4, 'Deserunt harum ad quia praesentium ut at maxime. Id occaecati sed error id.', '1970-01-01 00:00:00', NULL, '1970-01-01 00:00:00', NULL, 5),
	(154, 17, 150, 4, 'Deserunt harum ad quia praesentium ut at maxime. Id occaecati sed error id.', '1970-01-01 00:00:00', NULL, '1970-01-01 00:00:00', NULL, 4),
	(155, 36, 158, 4, 'Blanditiis in error vitae id. At aliquid id tenetur pariatur deserunt quia suscipit nobis.', '1970-01-01 00:00:00', NULL, '1970-01-01 00:00:00', NULL, 3),
	(156, 36, NULL, 4, 'Blanditiis in error vitae id. At aliquid id tenetur pariatur deserunt quia suscipit nobis.', '1970-01-01 00:00:00', NULL, '1970-01-01 00:00:00', NULL, 1),
	(157, 36, 158, 4, 'Cupiditate quasi aliquid voluptas ut architecto aut dolor. Vel quia quaerat magni enim et. Quia quis et excepturi vero nam expedita commodi.', '1970-01-01 00:00:00', NULL, '1970-01-01 00:00:00', NULL, 3),
	(158, 36, 156, 4, 'Blanditiis in error vitae id. At aliquid id tenetur pariatur deserunt quia suscipit nobis.', '1970-01-01 00:00:00', NULL, '1970-01-01 00:00:00', NULL, 2),
	(159, 36, 161, 4, 'Blanditiis in error vitae id. At aliquid id tenetur pariatur deserunt quia suscipit nobis.', '1970-01-01 00:00:00', NULL, '1970-01-01 00:00:00', NULL, 5),
	(160, 36, 161, 4, 'Blanditiis in error vitae id. At aliquid id tenetur pariatur deserunt quia suscipit nobis.', '1970-01-01 00:00:00', NULL, '1970-01-01 00:00:00', NULL, 5),
	(161, 36, 157, 4, 'Blanditiis in error vitae id. At aliquid id tenetur pariatur deserunt quia suscipit nobis.', '1970-01-01 00:00:00', NULL, '1970-01-01 00:00:00', NULL, 4),
	(162, 34, 165, 2, 'Sunt saepe aliquam est fugit voluptas ut. Qui et consequatur laboriosam nihil voluptas voluptatibus eum impedit. Dicta tenetur quo voluptatum minima nihil numquam rem.', '1970-01-01 00:00:00', NULL, '1970-01-01 00:00:00', NULL, 3),
	(163, 34, NULL, 2, 'Sunt saepe aliquam est fugit voluptas ut. Qui et consequatur laboriosam nihil voluptas voluptatibus eum impedit. Dicta tenetur quo voluptatum minima nihil numquam rem.', '1970-01-01 00:00:00', NULL, '1970-01-01 00:00:00', NULL, 1),
	(164, 34, 165, 2, 'Ab ratione quod rerum consequatur. Soluta dolores molestiae eos. At alias minima error assumenda nulla aliquam atque.', '1970-01-01 00:00:00', NULL, '1970-01-01 00:00:00', NULL, 3),
	(165, 34, 163, 2, 'Sunt saepe aliquam est fugit voluptas ut. Qui et consequatur laboriosam nihil voluptas voluptatibus eum impedit. Dicta tenetur quo voluptatum minima nihil numquam rem.', '1970-01-01 00:00:00', NULL, '1970-01-01 00:00:00', NULL, 2),
	(166, 34, 168, 2, 'Sunt saepe aliquam est fugit voluptas ut. Qui et consequatur laboriosam nihil voluptas voluptatibus eum impedit. Dicta tenetur quo voluptatum minima nihil numquam rem.', '1970-01-01 00:00:00', NULL, '1970-01-01 00:00:00', NULL, 5),
	(167, 34, 168, 2, 'Sunt saepe aliquam est fugit voluptas ut. Qui et consequatur laboriosam nihil voluptas voluptatibus eum impedit. Dicta tenetur quo voluptatum minima nihil numquam rem.', '1970-01-01 00:00:00', NULL, '1970-01-01 00:00:00', NULL, 5),
	(168, 34, 164, 2, 'Sunt saepe aliquam est fugit voluptas ut. Qui et consequatur laboriosam nihil voluptas voluptatibus eum impedit. Dicta tenetur quo voluptatum minima nihil numquam rem.', '1970-01-01 00:00:00', NULL, '1970-01-01 00:00:00', NULL, 4),
	(169, 50, 172, 2, 'Repellendus omnis in excepturi minima. Quo est sunt qui eius culpa odit doloribus.', '1970-01-01 00:00:00', NULL, '1970-01-01 00:00:00', NULL, 3),
	(170, 50, NULL, 2, 'Repellendus omnis in excepturi minima. Quo est sunt qui eius culpa odit doloribus.', '1970-01-01 00:00:00', NULL, '1970-01-01 00:00:00', NULL, 1),
	(171, 50, 172, 2, 'Fuga est id commodi in temporibus quod odit harum. Quidem omnis quae nemo non.', '1970-01-01 00:00:00', NULL, '1970-01-01 00:00:00', NULL, 3),
	(172, 50, 170, 2, 'Repellendus omnis in excepturi minima. Quo est sunt qui eius culpa odit doloribus.', '1970-01-01 00:00:00', NULL, '1970-01-01 00:00:00', NULL, 2),
	(173, 50, 175, 2, 'Repellendus omnis in excepturi minima. Quo est sunt qui eius culpa odit doloribus.', '1970-01-01 00:00:00', NULL, '1970-01-01 00:00:00', NULL, 5),
	(174, 50, 175, 2, 'Repellendus omnis in excepturi minima. Quo est sunt qui eius culpa odit doloribus.', '1970-01-01 00:00:00', NULL, '1970-01-01 00:00:00', NULL, 5),
	(175, 50, 171, 2, 'Repellendus omnis in excepturi minima. Quo est sunt qui eius culpa odit doloribus.', '1970-01-01 00:00:00', NULL, '1970-01-01 00:00:00', NULL, 4),
	(176, 50, 179, 2, 'Est a vel culpa quia. Sit voluptas atque cupiditate officiis accusamus.', '1970-01-01 00:00:00', NULL, '1970-01-01 00:00:00', NULL, 3),
	(177, 50, NULL, 2, 'Est a vel culpa quia. Sit voluptas atque cupiditate officiis accusamus.', '1970-01-01 00:00:00', NULL, '1970-01-01 00:00:00', NULL, 1),
	(178, 50, 179, 2, 'Magnam illo quidem ad repudiandae deleniti dolor. Aut velit est ea vel. Quaerat quae ex consequuntur nisi.', '1970-01-01 00:00:00', NULL, '1970-01-01 00:00:00', NULL, 3),
	(179, 50, 177, 2, 'Est a vel culpa quia. Sit voluptas atque cupiditate officiis accusamus.', '1970-01-01 00:00:00', NULL, '1970-01-01 00:00:00', NULL, 2),
	(180, 50, 182, 2, 'Est a vel culpa quia. Sit voluptas atque cupiditate officiis accusamus.', '1970-01-01 00:00:00', NULL, '1970-01-01 00:00:00', NULL, 5),
	(181, 50, 182, 2, 'Est a vel culpa quia. Sit voluptas atque cupiditate officiis accusamus.', '1970-01-01 00:00:00', NULL, '1970-01-01 00:00:00', NULL, 5),
	(182, 50, 178, 2, 'Est a vel culpa quia. Sit voluptas atque cupiditate officiis accusamus.', '1970-01-01 00:00:00', NULL, '1970-01-01 00:00:00', NULL, 4),
	(183, 45, 186, 2, 'Non numquam non laborum esse quas ut. Reprehenderit ducimus modi non ea est doloremque.', '1970-01-01 00:00:00', NULL, '1970-01-01 00:00:00', NULL, 3),
	(184, 45, NULL, 2, 'Non numquam non laborum esse quas ut. Reprehenderit ducimus modi non ea est doloremque.', '1970-01-01 00:00:00', NULL, '1970-01-01 00:00:00', NULL, 1),
	(185, 45, 186, 2, 'Nostrum quaerat quam voluptates fuga occaecati impedit. Eum enim sunt repellendus.', '1970-01-01 00:00:00', NULL, '1970-01-01 00:00:00', NULL, 3),
	(186, 45, 184, 2, 'Non numquam non laborum esse quas ut. Reprehenderit ducimus modi non ea est doloremque.', '1970-01-01 00:00:00', NULL, '1970-01-01 00:00:00', NULL, 2),
	(187, 45, 189, 2, 'Non numquam non laborum esse quas ut. Reprehenderit ducimus modi non ea est doloremque.', '1970-01-01 00:00:00', NULL, '1970-01-01 00:00:00', NULL, 5),
	(188, 45, 189, 2, 'Non numquam non laborum esse quas ut. Reprehenderit ducimus modi non ea est doloremque.', '1970-01-01 00:00:00', NULL, '1970-01-01 00:00:00', NULL, 5),
	(189, 45, 185, 2, 'Non numquam non laborum esse quas ut. Reprehenderit ducimus modi non ea est doloremque.', '1970-01-01 00:00:00', NULL, '1970-01-01 00:00:00', NULL, 4),
	(190, 20, 193, 5, 'Sunt quis dolorum similique. Eligendi dicta eius alias officia unde iusto assumenda. Dolor sed occaecati aut esse ut.', '1970-01-01 00:00:00', NULL, '1970-01-01 00:00:00', NULL, 3),
	(191, 20, NULL, 5, 'Sunt quis dolorum similique. Eligendi dicta eius alias officia unde iusto assumenda. Dolor sed occaecati aut esse ut.', '1970-01-01 00:00:00', NULL, '1970-01-01 00:00:00', NULL, 1),
	(192, 20, 193, 5, 'Ad pariatur nisi quia quasi qui eligendi ut expedita. Iste accusamus laboriosam vero fuga molestiae.', '1970-01-01 00:00:00', NULL, '1970-01-01 00:00:00', NULL, 3),
	(193, 20, 191, 5, 'Sunt quis dolorum similique. Eligendi dicta eius alias officia unde iusto assumenda. Dolor sed occaecati aut esse ut.', '1970-01-01 00:00:00', NULL, '1970-01-01 00:00:00', NULL, 2),
	(194, 20, 196, 5, 'Sunt quis dolorum similique. Eligendi dicta eius alias officia unde iusto assumenda. Dolor sed occaecati aut esse ut.', '1970-01-01 00:00:00', NULL, '1970-01-01 00:00:00', NULL, 5),
	(195, 20, 196, 5, 'Sunt quis dolorum similique. Eligendi dicta eius alias officia unde iusto assumenda. Dolor sed occaecati aut esse ut.', '1970-01-01 00:00:00', NULL, '1970-01-01 00:00:00', NULL, 5),
	(196, 20, 192, 5, 'Sunt quis dolorum similique. Eligendi dicta eius alias officia unde iusto assumenda. Dolor sed occaecati aut esse ut.', '1970-01-01 00:00:00', NULL, '1970-01-01 00:00:00', NULL, 4),
	(204, 16, 207, 3, 'Sunt omnis tempore omnis facere ut veniam. Facere est eveniet nobis corrupti.', '1970-01-01 00:00:00', NULL, '1970-01-01 00:00:00', NULL, 3),
	(205, 16, NULL, 3, 'Sunt omnis tempore omnis facere ut veniam. Facere est eveniet nobis corrupti.', '1970-01-01 00:00:00', NULL, '1970-01-01 00:00:00', NULL, 1),
	(206, 16, 207, 3, 'Nemo itaque ex sit voluptates. Praesentium id provident sint voluptas. Excepturi et quae consequatur cumque.', '1970-01-01 00:00:00', NULL, '1970-01-01 00:00:00', NULL, 3),
	(207, 16, 205, 3, 'Sunt omnis tempore omnis facere ut veniam. Facere est eveniet nobis corrupti.', '1970-01-01 00:00:00', NULL, '1970-01-01 00:00:00', NULL, 2),
	(208, 16, 210, 3, 'Sunt omnis tempore omnis facere ut veniam. Facere est eveniet nobis corrupti.', '1970-01-01 00:00:00', NULL, '1970-01-01 00:00:00', NULL, 5),
	(209, 16, 210, 3, 'Sunt omnis tempore omnis facere ut veniam. Facere est eveniet nobis corrupti.', '1970-01-01 00:00:00', NULL, '1970-01-01 00:00:00', NULL, 5),
	(210, 16, 206, 3, 'Sunt omnis tempore omnis facere ut veniam. Facere est eveniet nobis corrupti.', '1970-01-01 00:00:00', NULL, '1970-01-01 00:00:00', NULL, 4),
	(211, 42, 214, 6, 'Non aut officiis est blanditiis deleniti id molestiae. Aspernatur dolores sint vitae doloremque. Dolorum non enim praesentium facilis.', '1970-01-01 00:00:00', NULL, '1970-01-01 00:00:00', NULL, 3),
	(212, 42, NULL, 6, 'Non aut officiis est blanditiis deleniti id molestiae. Aspernatur dolores sint vitae doloremque. Dolorum non enim praesentium facilis.', '1970-01-01 00:00:00', NULL, '1970-01-01 00:00:00', NULL, 1),
	(213, 42, 214, 6, 'Adipisci rerum doloremque consequatur. Ipsa soluta perferendis omnis consequatur dolor ut. Omnis cum architecto quis mollitia qui modi deleniti.', '1970-01-01 00:00:00', NULL, '1970-01-01 00:00:00', NULL, 3),
	(214, 42, 212, 6, 'Non aut officiis est blanditiis deleniti id molestiae. Aspernatur dolores sint vitae doloremque. Dolorum non enim praesentium facilis.', '1970-01-01 00:00:00', NULL, '1970-01-01 00:00:00', NULL, 2),
	(215, 42, 217, 6, 'Non aut officiis est blanditiis deleniti id molestiae. Aspernatur dolores sint vitae doloremque. Dolorum non enim praesentium facilis.', '1970-01-01 00:00:00', NULL, '1970-01-01 00:00:00', NULL, 5),
	(216, 42, 217, 6, 'Non aut officiis est blanditiis deleniti id molestiae. Aspernatur dolores sint vitae doloremque. Dolorum non enim praesentium facilis.', '1970-01-01 00:00:00', NULL, '1970-01-01 00:00:00', NULL, 5),
	(217, 42, 213, 6, 'Non aut officiis est blanditiis deleniti id molestiae. Aspernatur dolores sint vitae doloremque. Dolorum non enim praesentium facilis.', '1970-01-01 00:00:00', NULL, '1970-01-01 00:00:00', NULL, 4),
	(218, 23, 221, 2, 'At facilis expedita natus ut sit sunt. Commodi vitae perferendis sed et sint dolor nam.', '1970-01-01 00:00:00', NULL, '1970-01-01 00:00:00', NULL, 3),
	(219, 23, NULL, 2, 'At facilis expedita natus ut sit sunt. Commodi vitae perferendis sed et sint dolor nam.', '1970-01-01 00:00:00', NULL, '1970-01-01 00:00:00', NULL, 1),
	(220, 23, 221, 2, 'Qui nam provident eveniet dolores quos et. Inventore accusantium officia rerum consequuntur numquam.', '1970-01-01 00:00:00', NULL, '1970-01-01 00:00:00', NULL, 3),
	(221, 23, 219, 2, 'At facilis expedita natus ut sit sunt. Commodi vitae perferendis sed et sint dolor nam.', '1970-01-01 00:00:00', NULL, '1970-01-01 00:00:00', NULL, 2),
	(222, 23, 224, 2, 'At facilis expedita natus ut sit sunt. Commodi vitae perferendis sed et sint dolor nam.', '1970-01-01 00:00:00', NULL, '1970-01-01 00:00:00', NULL, 5),
	(223, 23, 224, 2, 'At facilis expedita natus ut sit sunt. Commodi vitae perferendis sed et sint dolor nam.', '1970-01-01 00:00:00', NULL, '1970-01-01 00:00:00', NULL, 5),
	(224, 23, 220, 2, 'At facilis expedita natus ut sit sunt. Commodi vitae perferendis sed et sint dolor nam.', '1970-01-01 00:00:00', NULL, '1970-01-01 00:00:00', NULL, 4),
	(232, 41, 235, 4, 'Qui corrupti similique rem veritatis illo occaecati odit. Et cupiditate repellendus laborum nam quas fugit numquam qui. Accusamus facere odio explicabo qui ipsum quis hic.', '1970-01-01 00:00:00', NULL, '1970-01-01 00:00:00', NULL, 3),
	(233, 41, NULL, 4, 'Qui corrupti similique rem veritatis illo occaecati odit. Et cupiditate repellendus laborum nam quas fugit numquam qui. Accusamus facere odio explicabo qui ipsum quis hic.', '1970-01-01 00:00:00', NULL, '1970-01-01 00:00:00', NULL, 1),
	(234, 41, 235, 4, 'Nesciunt iusto voluptatum impedit maiores quisquam et consequuntur. Et soluta quae labore sunt ut excepturi dignissimos. Facilis ut veniam sequi exercitationem.', '1970-01-01 00:00:00', NULL, '1970-01-01 00:00:00', NULL, 3),
	(235, 41, 233, 4, 'Qui corrupti similique rem veritatis illo occaecati odit. Et cupiditate repellendus laborum nam quas fugit numquam qui. Accusamus facere odio explicabo qui ipsum quis hic.', '1970-01-01 00:00:00', NULL, '1970-01-01 00:00:00', NULL, 2),
	(236, 41, 238, 4, 'Qui corrupti similique rem veritatis illo occaecati odit. Et cupiditate repellendus laborum nam quas fugit numquam qui. Accusamus facere odio explicabo qui ipsum quis hic.', '1970-01-01 00:00:00', NULL, '1970-01-01 00:00:00', NULL, 5),
	(237, 41, 238, 4, 'Qui corrupti similique rem veritatis illo occaecati odit. Et cupiditate repellendus laborum nam quas fugit numquam qui. Accusamus facere odio explicabo qui ipsum quis hic.', '1970-01-01 00:00:00', NULL, '1970-01-01 00:00:00', NULL, 5),
	(238, 41, 234, 4, 'Qui corrupti similique rem veritatis illo occaecati odit. Et cupiditate repellendus laborum nam quas fugit numquam qui. Accusamus facere odio explicabo qui ipsum quis hic.', '1970-01-01 00:00:00', NULL, '1970-01-01 00:00:00', NULL, 4),
	(239, 1, 242, 3, 'Ut nisi aut vel est eius quos. Vitae dignissimos provident inventore et numquam. Voluptate non sit aliquid.', '1970-01-01 00:00:00', NULL, '1970-01-01 00:00:00', NULL, 3),
	(240, 1, NULL, 3, 'Ut nisi aut vel est eius quos. Vitae dignissimos provident inventore et numquam. Voluptate non sit aliquid.', '1970-01-01 00:00:00', NULL, '1970-01-01 00:00:00', NULL, 1),
	(241, 1, 242, 3, 'Quia et est ad dolores at fugit numquam sapiente. Perferendis quasi dolore reprehenderit voluptatem necessitatibus. Ea rerum mollitia occaecati harum est qui.', '1970-01-01 00:00:00', NULL, '1970-01-01 00:00:00', NULL, 3),
	(242, 1, 240, 3, 'Ut nisi aut vel est eius quos. Vitae dignissimos provident inventore et numquam. Voluptate non sit aliquid.', '1970-01-01 00:00:00', NULL, '1970-01-01 00:00:00', NULL, 2),
	(243, 1, 245, 3, 'Ut nisi aut vel est eius quos. Vitae dignissimos provident inventore et numquam. Voluptate non sit aliquid.', '1970-01-01 00:00:00', NULL, '1970-01-01 00:00:00', NULL, 5),
	(244, 1, 245, 3, 'Ut nisi aut vel est eius quos. Vitae dignissimos provident inventore et numquam. Voluptate non sit aliquid.', '1970-01-01 00:00:00', NULL, '1970-01-01 00:00:00', NULL, 5),
	(245, 1, 241, 3, 'Ut nisi aut vel est eius quos. Vitae dignissimos provident inventore et numquam. Voluptate non sit aliquid.', '1970-01-01 00:00:00', NULL, '1970-01-01 00:00:00', NULL, 4),
	(253, 24, 256, 1, 'Vero omnis adipisci id fugit expedita et. Molestiae voluptatem numquam adipisci et consequatur quibusdam perferendis totam.', '1970-01-01 00:00:00', NULL, '1970-01-01 00:00:00', NULL, 3),
	(254, 24, NULL, 1, 'Vero omnis adipisci id fugit expedita et. Molestiae voluptatem numquam adipisci et consequatur quibusdam perferendis totam.', '1970-01-01 00:00:00', NULL, '1970-01-01 00:00:00', NULL, 1),
	(255, 24, 256, 1, 'Animi molestiae maxime iure et cumque aut. Rerum nostrum saepe harum id assumenda aut. Voluptatum culpa qui quam repudiandae.', '1970-01-01 00:00:00', NULL, '1970-01-01 00:00:00', NULL, 3),
	(256, 24, 254, 1, 'Vero omnis adipisci id fugit expedita et. Molestiae voluptatem numquam adipisci et consequatur quibusdam perferendis totam.', '1970-01-01 00:00:00', NULL, '1970-01-01 00:00:00', NULL, 2),
	(257, 24, 259, 1, 'Vero omnis adipisci id fugit expedita et. Molestiae voluptatem numquam adipisci et consequatur quibusdam perferendis totam.', '1970-01-01 00:00:00', NULL, '1970-01-01 00:00:00', NULL, 5),
	(258, 24, 259, 1, 'Vero omnis adipisci id fugit expedita et. Molestiae voluptatem numquam adipisci et consequatur quibusdam perferendis totam.', '1970-01-01 00:00:00', NULL, '1970-01-01 00:00:00', NULL, 5),
	(259, 24, 255, 1, 'Vero omnis adipisci id fugit expedita et. Molestiae voluptatem numquam adipisci et consequatur quibusdam perferendis totam.', '1970-01-01 00:00:00', NULL, '1970-01-01 00:00:00', NULL, 4),
	(260, 38, 263, 1, 'Est dolores minus et quia consequatur. Pariatur quis fugit reprehenderit ipsum ducimus placeat sit.', '1970-01-01 00:00:00', NULL, '1970-01-01 00:00:00', NULL, 3),
	(261, 38, NULL, 1, 'Est dolores minus et quia consequatur. Pariatur quis fugit reprehenderit ipsum ducimus placeat sit.', '1970-01-01 00:00:00', NULL, '1970-01-01 00:00:00', NULL, 1),
	(262, 38, 263, 1, 'Nulla dolorem praesentium repellat iste et dolorem sapiente. Id molestiae consequuntur animi. Amet rerum eligendi illum est amet.', '1970-01-01 00:00:00', NULL, '1970-01-01 00:00:00', NULL, 3),
	(263, 38, 261, 1, 'Est dolores minus et quia consequatur. Pariatur quis fugit reprehenderit ipsum ducimus placeat sit.', '1970-01-01 00:00:00', NULL, '1970-01-01 00:00:00', NULL, 2),
	(264, 38, 266, 1, 'Est dolores minus et quia consequatur. Pariatur quis fugit reprehenderit ipsum ducimus placeat sit.', '1970-01-01 00:00:00', NULL, '1970-01-01 00:00:00', NULL, 5),
	(265, 38, 266, 1, 'Est dolores minus et quia consequatur. Pariatur quis fugit reprehenderit ipsum ducimus placeat sit.', '1970-01-01 00:00:00', NULL, '1970-01-01 00:00:00', NULL, 5),
	(266, 38, 262, 1, 'Est dolores minus et quia consequatur. Pariatur quis fugit reprehenderit ipsum ducimus placeat sit.', '1970-01-01 00:00:00', NULL, '1970-01-01 00:00:00', NULL, 4),
	(267, 2, NULL, 1, 'Ptit test des familles', NULL, NULL, '2022-05-19 13:35:48', NULL, 1),
	(268, 2, 1, 1, 'petit test de réponse des incroyables entretiens familles', NULL, NULL, '2022-05-19 13:36:03', '2022-05-19 13:36:56', 2);
/*!40000 ALTER TABLE `comment` ENABLE KEYS */;

-- Listage des données de la table snowtricks.doctrine_migration_versions : ~0 rows (environ)
/*!40000 ALTER TABLE `doctrine_migration_versions` DISABLE KEYS */;
INSERT INTO `doctrine_migration_versions` (`version`, `executed_at`, `execution_time`) VALUES
	('DoctrineMigrations\\Version20220513151747', '2022-05-19 10:51:42', 219),
	('DoctrineMigrations\\Version20220527084643', '2022-05-27 08:46:48', 490);
/*!40000 ALTER TABLE `doctrine_migration_versions` ENABLE KEYS */;

-- Listage des données de la table snowtricks.media : ~49 rows (environ)
/*!40000 ALTER TABLE `media` DISABLE KEYS */;
INSERT INTO `media` (`id`, `trick_id`, `title`, `media_path`, `created_at`, `updated_at`, `type`) VALUES
	(2, 2, '180_1', 'images\\180\\180_1.jpg', NULL, NULL, 'imgP'),
	(12, 3, '360_1', 'images\\360\\360_1.jpg', NULL, NULL, 'imgP'),
	(13, 4, '720-1', 'images\\720\\720_1.jpg', NULL, NULL, 'imgP'),
	(14, NULL, '720-2', 'images\\720\\720_2.jpg', NULL, NULL, 'img'),
	(15, NULL, '900_1', 'images\\900\\900_1.jpg', NULL, NULL, 'imgP'),
	(17, NULL, 'backflip_1', 'images\\backflip\\backflip_1.jpg', NULL, NULL, 'imgP'),
	(18, 5, 'backsideair_1', 'images\\backslideair\\backslideair_1.jpg', NULL, NULL, 'imgP'),
	(19, 6, 'frontflip_1', 'images\\frontflip\\frontflip_1.jpg', NULL, NULL, 'imgP'),
	(20, 7, 'indy_1', 'images\\indy\\indy_1.jpg', NULL, NULL, 'imgP'),
	(21, 8, 'japanair_1', 'images\\japanair\\japanair_1.jpeg', NULL, NULL, 'imgP'),
	(22, 9, 'methodair_1', 'images\\methodair\\methodair_1.jpeg', NULL, NULL, 'imgP'),
	(23, NULL, 'methodair_2', 'images\\methodair\\methodair_2.jpg', NULL, NULL, 'img'),
	(24, 10, 'mute_1', 'images\\mute\\mute_1.jpg', NULL, NULL, 'imgP'),
	(25, NULL, 'mute_2', 'images\\mute\\mute_2.jpg', NULL, NULL, 'img'),
	(26, 11, 'nosegrab_1', 'images\\nosegrab\\nosegrab_1.jpg', NULL, NULL, 'imgP'),
	(27, NULL, 'nosegrab_2', 'images\\nosegrab_2\\nosegrab_2.jpg', NULL, NULL, 'img'),
	(28, 1, 'noseslide_1', 'images\\noseslide\\noseslide_1.jpg', NULL, NULL, 'imgP'),
	(29, 1, 'noseslide_2', 'images\\noseslide\\noseslide_2.jpeg', NULL, NULL, 'img'),
	(30, NULL, 'sad_1', 'images\\sad_1\\sad_1.jpg', NULL, NULL, 'imgP'),
	(31, 13, 'stalefish_1', 'images\\stalefish\\stalefish_1.jpg', NULL, NULL, 'imgP'),
	(32, NULL, 'stalefish_2', 'images\\stalefish\\stalefish_2.jpg', NULL, NULL, 'img'),
	(33, NULL, 'stalefish_3', 'images\\stalefish\\stalefish_3.jpg', NULL, NULL, 'img'),
	(34, 12, 'tailgrab_1', 'images\\tailgrab\\tailgrab_1.jpg', NULL, NULL, 'imgP'),
	(35, NULL, 'tailgrab_2', 'images\\tailgrab\\tailgrab_2.jpg', NULL, NULL, 'img'),
	(36, NULL, 'tailgrab_3', 'images\\tailgrab\\tailgrab_3.jpg', NULL, NULL, 'img'),
	(37, 14, 'tailslide_1', 'images\\tailslide\\tailslide_1.jpg', NULL, NULL, 'imgP'),
	(38, NULL, 'tailslide_2', 'images\\tailslide\\tailslide_2.jpg', NULL, NULL, 'img'),
	(39, NULL, 'tailslide_3', 'images\\tailslide\\tailslide_3.jpg', NULL, NULL, 'img'),
	(40, 1, 'noseslide_3', 'images\\noseslide\\noseslide_3.jpg', NULL, NULL, 'img'),
	(43, 2, '180_2.jpg', 'images/180_2.jpg', NULL, NULL, 'img'),
	(44, 2, '180_3.jpg', 'images\\180/180_3.jpg', NULL, NULL, 'img'),
	(45, 2, '180_4.jpg', 'images\\180/180_4.jpg', NULL, NULL, 'img'),
	(46, 2, '180_5.jpg', 'images\\180/180_5.jpg', NULL, NULL, 'img'),
	(47, 2, '180_6.jpg', 'images\\180/180_6.jpg', NULL, NULL, 'img'),
	(48, 2, '180_7.jpg', 'images\\180/180_7.jpg', NULL, NULL, 'img'),
	(49, 2, '180_8.jpg', 'images\\180/180_8.jpg', NULL, NULL, 'img'),
	(50, 2, '180_9.jpg', 'images\\180/180_9.jpg', NULL, NULL, 'img'),
	(51, 2, '180_10.jpg', 'images\\180/180_10.jpg', NULL, NULL, 'img'),
	(52, 2, '180_11.jpg', 'images\\180/180_11.jpg', NULL, NULL, 'img'),
	(53, 2, '180_12.jpg', 'images\\180/180_12.jpg', NULL, NULL, 'img'),
	(54, 2, '180_13.jpg', 'images\\180/180_13.jpg', NULL, NULL, 'img'),
	(55, 2, '180_14.jpg', 'images\\180/180_14.jpg', NULL, NULL, 'img'),
	(57, 2, NULL, 'https://www.youtube.com/embed/R2Cp1RumorU', NULL, NULL, 'vid'),
	(58, NULL, 'fake_slide_1', 'images/trick_pic/fake_slide_1.jpg', NULL, NULL, 'imgP'),
	(59, NULL, 'fake_slide_1.jpg', 'images/trick_pic/fake_slide_1.jpg', NULL, NULL, 'imgP'),
	(60, NULL, 'fake_slide_1.jpg', 'images/trick_pic/fake_slide_1.jpg', NULL, NULL, 'imgP'),
	(61, 54, 'fake_slide_1.jpg', 'images/trick_pic/fake_slide_1.jpg', NULL, NULL, 'imgP'),
	(63, 4, 'test_image', 'images/trick_pic/test_image.jpg', NULL, NULL, 'img'),
	(64, 2, NULL, 'https://www.youtube.com/embed/-6BqnbLuEnU', NULL, NULL, 'vid');
/*!40000 ALTER TABLE `media` ENABLE KEYS */;

-- Listage des données de la table snowtricks.trick : ~0 rows (environ)
/*!40000 ALTER TABLE `trick` DISABLE KEYS */;
INSERT INTO `trick` (`id`, `category_id`, `name`, `content`, `slug`, `created_at`, `updated_at`) VALUES
	(1, 5, 'Nose slide', 'Le nose slide est un des slides les plus faciles à faire en skateboard. Il consiste à glisser sur le nose de la planche sur un obstacle glissant. Particulièrement stable, il ne nécessite pas énormément d’équilibre et peut même se faire sans ollie. Bref, c', 'snow_trick_Nose slide', '2022-02-05 12:14:05', '2022-04-05 12:14:06'),
	(2, 3, '180', 'Le Backside 180 peut s’expliquer en plusieurs phases :\r\n1 - La phase d’approche consiste à avoir sa planche la plus à plat possible ou légèrement sur la carre frontside ; le regard est pointé vers le spot (l’endroit où on veut décoller). Les jambes sont f', 'snow_trick_180', '2022-04-05 13:44:39', '2022-04-05 13:44:40'),
	(3, 3, '360', 'La suite des conseils de Tonton Franky après le Ollie et le 180, qui nous apprend en mots et en vidéo comment on tourne un backside 360 dans les règles de l\'art.\r\nLe 3.6 back ou backside 3 est une des rotations les plus faciles du snowboard. C’est une rot', 'snow_trick_360', '2022-04-05 13:44:41', '2022-04-05 13:44:40'),
	(4, 3, '720', 'Dans la série des Tutoriels de Tonton Franky, on passe au Frontside 720 ou 7.2 Front, comme son nom l’indique une rotation de 2 tours en frontside.\r\n\r\nLorsque l’on pense essayer ce tricks, c’est que l’on maitrise déjà très bien le 3.6 et le 5.4 front, n\'h', 'snow_trick_720', '2022-04-05 13:44:42', '2022-04-05 13:44:43'),
	(5, 6, 'Backside air', '1) Drop in from your toeside wall. Make sure your knees are bent, shoulders parallel to your stance and you’ve got enough speed to get out the lip of the pipe.\r\n\r\n2) Once you’re safely through the transition, look at the part of the wall you’re going to h', 'snow_trick_Backside air', '2022-04-05 13:44:44', '2022-04-05 13:44:43'),
	(6, 4, 'Front flip', 'How To Front flip  (tamedog)\r\nNow, don\'t let the name of this trick fool you... The Front flip  is not for the tame hearted! It\'s loads of fun though once you have it. \r\n\r\nBefore we flip into how to throw down clean looking Front flip s, check out our Str', 'snow_trick_Front flip', '2022-04-05 13:44:45', '2022-04-05 13:44:45'),
	(7, 1, 'Indy grab', 'How to Indy Grab on a Snowboard\r\n\r\nAn Indy grab is where the back hand grabs the toe edge between the feet. The board is kept flat. This grab will feel more natural than the Mute due to the tendency towards riding with a more open posture.\r\n\r\nApproach:\r\nS', 'snow_trick_Indy grab', '2022-04-05 13:44:47', '2022-04-05 13:44:46'),
	(8, 6, 'Japan air', 'How To Japan On A Tramp Board\r\nA Japan is essentially a Mute grab that you tweak behind your back!\r\n\r\nA good tweaked out Japan is super entertaining to watch and even more amusing to stomp. Adding Japan grabs to your tricks is a sure fire way to get props', 'snow_trick_Japan air', '2022-04-05 13:44:47', '2022-04-05 13:44:48'),
	(9, 6, 'Method air', 'A Method is one of most iconic tricks in snowboarding that never goes out of style. In this tutorial, we\'ll be sharing the best way to learn this seriously cool trick and show you how to tweak it out.\r\n\r\nLoving the Method? Then you\'ll love the rest of our', 'snow_trick_Method air', '2022-04-05 13:44:49', '2022-04-05 13:44:48'),
	(10, 1, 'Mute', 'A Mute grab is never a go to trick, but it’s really worth the effort to try as it will correct minor posture issues that arise from riding slightly open, so improving your overall freestyle positioning.\r\n\r\nA Mute grab is where the front hand grabs the toe', 'snow_trick_Mute', '2022-04-05 13:44:49', '2022-04-05 13:44:50'),
	(11, 1, 'Nose grab', 'Nose & Tail Grabs have the easiest names to remember of any grab but are a little tricker than the four basic grabs. This is because they require the addition of leg extensions in the air to get the grab. We break these two grabs down and show you how to ', 'snow_trick_Nose grab', '2022-04-05 13:44:51', '2022-04-05 13:44:51'),
	(12, 1, 'Tail grab', 'Nose & Tail Grabs have the easiest names to remember of any grab but are a little tricker than the four basic grabs. This is because they require the addition of leg extensions in the air to get the grab. We break these two grabs down and show you how to ', 'snow_trick_Tail grab', '2022-04-05 13:44:52', '2022-04-05 13:44:52'),
	(13, 1, 'Stalefish grab', 'A Stalefish is when you grab your heelside edge (between your feet) with your rear hand.', 'snow_trick_Stalefish grab', '2022-04-05 13:44:53', '2022-04-05 13:44:53'),
	(14, 5, 'Tail slide', 'The Nose & Tail Slide is a super rad, relatively simple trick because it just a variation of Boardslides. In this tutorial we will break the tricks down and show you how to dial it in at home so you can confidently take it to the hill. If you\'re looking f', 'snow_trick_Tail slide', '2022-04-05 13:44:54', '2022-04-05 13:44:55'),
	(15, 3, 'Jpehy_Atlm', 'Voluptatem at culpa velit et aliquam. Sed nemo est magnam blanditiis dicta. Et saepe voluptatibus sit rem.', 'Jpehy_Atlm_trick', '1970-01-01 00:00:00', NULL),
	(16, 6, 'Lpecq_Xguw', 'Adipisci voluptate aliquid voluptatem ipsam tempore necessitatibus nulla. Eos ad aut est illo amet sed.', 'Lpecq_Xguw_trick', '1970-01-01 00:00:00', NULL),
	(17, 1, 'Cgrpo_Uztl', 'Consequuntur doloribus qui est sit repudiandae officia vero. Earum in aliquid illo consequatur numquam. Maxime repellat dolore nihil sequi quo.', 'Cgrpo_Uztl_trick', '1970-01-01 00:00:00', NULL),
	(18, 3, 'Fdcgp_Jhrq', 'Aut dicta dolores ut necessitatibus consequatur. Et consequatur omnis ratione delectus dolores consequuntur.', 'Fdcgp_Jhrq_trick', '1970-01-01 00:00:00', NULL),
	(19, 1, 'Kvoth_Lbjg', 'Quod neque quia et consequatur quaerat incidunt qui. Quod adipisci repellendus in nisi.', 'Kvoth_Lbjg_trick', '1970-01-01 00:00:00', NULL),
	(20, 4, 'Bwjfn_Meql', 'Cupiditate maxime et temporibus ipsum. Nihil aut sed consequuntur commodi est saepe assumenda qui. Iusto sunt voluptatem amet numquam.', 'Bwjfn_Meql_trick', '1970-01-01 00:00:00', NULL),
	(21, 1, 'Qzgki_Fnxw', 'Qui sed qui quae. Accusamus quia adipisci possimus incidunt debitis sint.', 'Qzgki_Fnxw_trick', '1970-01-01 00:00:00', NULL),
	(22, 3, 'Bpvah_Njsw', 'Et harum illum minima. Quasi animi aut reiciendis voluptatem. Unde sunt incidunt aut reprehenderit distinctio autem.', 'Bpvah_Njsw_trick', '1970-01-01 00:00:00', NULL),
	(23, 1, 'Unsoj_Aepv', 'Dolore fugiat voluptates consequatur. Ab ut dolorem assumenda optio optio esse repellat fugit. Velit consectetur ea optio laudantium maxime.', 'Unsoj_Aepv_trick', '1970-01-01 00:00:00', NULL),
	(24, 6, 'Zahnp_Dfmr', 'Aliquid dolorum minima dolorum autem ducimus est. Est fuga ut ea est ex est veniam et. Sed sit labore ipsa repellendus.', 'Zahnp_Dfmr_trick', '1970-01-01 00:00:00', NULL),
	(25, 1, 'Ylgdt_Urkj', 'Distinctio soluta itaque doloribus neque sequi sed esse in. Voluptas laudantium qui ipsam doloremque tempora dolorem.', 'Ylgdt_Urkj_trick', '1970-01-01 00:00:00', NULL),
	(26, 5, 'Flsib_Yjxh', 'Sequi omnis fuga voluptatem consequuntur. Cupiditate voluptatem et est quos quia quia.', 'Flsib_Yjxh_trick', '1970-01-01 00:00:00', NULL),
	(27, 6, 'Qgwvf_Jiho', 'Quasi aperiam labore omnis. Recusandae in quos et error iure voluptatem dolor.', 'Qgwvf_Jiho_trick', '1970-01-01 00:00:00', NULL),
	(28, 3, 'Osyfm_Dhtl', 'Quis unde culpa quae sed. Provident consequatur aut at et qui qui animi. Eius enim magni dolore suscipit.', 'Osyfm_Dhtl_trick', '1970-01-01 00:00:00', NULL),
	(30, 1, 'Tnyje_Lohq', 'Minima repellat rerum pariatur quos alias recusandae. Dolorum beatae voluptatem voluptas ullam.', 'Tnyje_Lohq_trick', '1970-01-01 00:00:00', NULL),
	(31, 3, 'Hbjio_Astu', 'Incidunt eaque nihil ut repudiandae. Itaque autem sint omnis autem.', 'Hbjio_Astu_trick', '1970-01-01 00:00:00', NULL),
	(32, 1, 'Gxmta_Wvkl', 'Adipisci nobis velit exercitationem aut illum sit. Natus officiis aut consequuntur velit.', 'Gxmta_Wvkl_trick', '1970-01-01 00:00:00', NULL),
	(33, 1, 'Updmx_Okal', 'Soluta laborum in doloribus. Enim fuga nihil est voluptas ut omnis.', 'Updmx_Okal_trick', '1970-01-01 00:00:00', NULL),
	(34, 6, 'Odkna_Xyht', 'Dolore commodi dicta aperiam velit voluptatem est accusamus esse. Temporibus doloribus totam qui fuga.', 'Odkna_Xyht_trick', '1970-01-01 00:00:00', NULL),
	(35, 6, 'Huabj_Lxgf', 'Impedit maiores ipsa inventore repellat officiis consequuntur. Fuga ab hic qui beatae. Minima corporis inventore sint a aliquid facilis.', 'Huabj_Lxgf_trick', '1970-01-01 00:00:00', NULL),
	(36, 1, 'Etzxa_Umhv', 'Amet aspernatur sunt quo officiis rerum. Corrupti quis asperiores assumenda. Explicabo et eius ea animi fuga.', 'Etzxa_Umhv_trick', '1970-01-01 00:00:00', NULL),
	(37, 3, 'Banph_Eogu', 'Aut perspiciatis quo aut sit. Sit facilis qui debitis distinctio quod illo sit.', 'Banph_Eogu_trick', '1970-01-01 00:00:00', NULL),
	(38, 1, 'Kxrfs_Vqle', 'Recusandae dignissimos minima officiis enim possimus. Est ab eos dolore nostrum qui voluptas.', 'Kxrfs_Vqle_trick', '1970-01-01 00:00:00', NULL),
	(39, 3, 'Uelmz_Qwgs', 'Quia autem ipsa accusantium perspiciatis et vel ipsum maxime. Sed impedit quaerat iusto sed nobis ut omnis. Dicta incidunt tempore ut ad velit.', 'Uelmz_Qwgs_trick', '1970-01-01 00:00:00', NULL),
	(40, 1, 'Honkx_Iyms', 'Sunt ipsum eligendi nisi sunt facilis. Fugit aperiam rerum sunt deleniti rem ex. Assumenda nam dolores aut quis quos ut eos rerum.', 'Honkx_Iyms_trick', '1970-01-01 00:00:00', NULL),
	(41, 3, 'Kursb_Vdxm', 'Eligendi a autem quaerat. Nihil laborum voluptatum quisquam officiis quidem.', 'Kursb_Vdxm_trick', '1970-01-01 00:00:00', NULL),
	(42, 6, 'Whrzl_Foma', 'Tempora qui fugit rerum est. Eum vitae aut unde.', 'Whrzl_Foma_trick', '1970-01-01 00:00:00', NULL),
	(43, 1, 'Odkbx_Ntew', 'Et sunt impedit voluptate sit ipsa ipsam. Nesciunt quisquam commodi porro vero dolores quo ab.', 'Odkbx_Ntew_trick', '1970-01-01 00:00:00', NULL),
	(44, 3, 'Ghdpk_Yqfl', 'Sed quia est aut modi veritatis dolorem omnis. Sit fuga possimus odio iste soluta dolores. Voluptas sunt ut inventore sed eius.', 'Ghdpk_Yqfl_trick', '1970-01-01 00:00:00', NULL),
	(45, 6, 'Fnqvz_Ryjk', 'Consequatur aliquid animi dignissimos placeat corrupti rerum. Et est eligendi dolores voluptatibus dignissimos. Commodi et qui sunt quis ut voluptate.', 'Fnqvz_Ryjk_trick', '1970-01-01 00:00:00', NULL),
	(46, 1, 'Pofzy_Eums', 'Fuga dolore nobis amet. Modi veritatis amet ut neque ipsum explicabo facere. Molestiae repudiandae quia minus molestiae deserunt nobis.', 'Pofzy_Eums_trick', '1970-01-01 00:00:00', NULL),
	(47, 6, 'Jpvsh_Qkoi', 'Mollitia excepturi modi laborum itaque. Dicta iure impedit iste voluptatem eaque.', 'Jpvsh_Qkoi_trick', '1970-01-01 00:00:00', NULL),
	(48, 5, 'Oaifh_Znrd', 'Vel eos voluptatum voluptas sint. Qui fuga ut unde laborum.', 'Oaifh_Znrd_trick', '1970-01-01 00:00:00', NULL),
	(49, 1, 'Vwmxe_Phku', 'Aut laudantium consectetur voluptate ut. Quasi quibusdam suscipit nesciunt nemo est aperiam. Autem quod architecto dolores sit.', 'Vwmxe_Phku_trick', '1970-01-01 00:00:00', NULL),
	(50, 5, 'Mjxkb_Asef', 'Dolores adipisci in in ea facere. Veritatis magnam consequatur non odit rem exercitationem placeat.', 'Mjxkb_Asef_trick', '1970-01-01 00:00:00', NULL),
	(54, 5, 'Fake Uno Slide', 'Fake Slide Desc', 'Fake-Uno-Slide', '2022-05-19 14:24:27', '2022-05-19 14:37:27');
/*!40000 ALTER TABLE `trick` ENABLE KEYS */;

/*!40101 SET SQL_MODE=IFNULL(@OLD_SQL_MODE, '') */;
/*!40014 SET FOREIGN_KEY_CHECKS=IFNULL(@OLD_FOREIGN_KEY_CHECKS, 1) */;
/*!40101 SET CHARACTER_SET_CLIENT=@OLD_CHARACTER_SET_CLIENT */;
/*!40111 SET SQL_NOTES=IFNULL(@OLD_SQL_NOTES, 1) */;
